<?xml version="1.0" encoding="UTF-8"?>
<templates xml:space="preserve">

    <t t-name="asterisk_plus_phone.contacts" owl="1">
        <div>
            <div t-attf-class="{{ state.isContactMode ? '' : 'o_hide' }} o_phone_number_content">
                <input id="contactInput" class="o_phone_number_input" placeholder="Enter name or number" t-ref="contact-input" t-on-keyup="_onSearchContact" autocomplete="off"/>
                <div aria-label="Clear" class="fa fa-times-circle o_phone_number_back" role="img" title="Clear" t-on-click="_onClickClearSearchContact"/>
            </div>
            <div class="o_dial_contact_list">
                <table class="o_contact_table">
                    <!-- Users -->
                    <t t-foreach="state.users" t-as="user" t-key="user.id">
                        <tr>
                            <td class="o_contact_avatar">
                                <img alt="Avatar" class="o_contact_avatar" t-attf-src="/web/image?model=res.users&amp;field=avatar_128&amp;id={{ user.user[0] }}"/>
                            </td>
                            <td class="o_contact_info">
                                <div>
                                    <span><t t-esc="user.name"/></span>
                                </div>
                                <div>
                                    <span class="icon-dialer_sip o_contact_phone"><t t-esc="user.exten"/></span>
                                </div>
                            </td>
                            <td class="o_contact_call_button">
                                <div class="d-flex">
                                    <div style="width: 40px; height: 30px;">
                                        <button t-if="isTransfer" t-attf-title="Transfer to {{user.exten}}" t-on-click="() => this._onClickMakeTransfer(user.exten)">
                                            <i class="fa icon-dialer_sip"/>
                                        </button>
                                        <button t-if="isContact" t-attf-title="Call to {{user.exten}}" t-on-click="() => this._onClickMakeCall(user.exten)">
                                            <i class="fa icon-dialer_sip"/>
                                        </button>
                                        <button t-if="isForward" t-attf-title="Forward to {{user.exten}}" t-on-click="() => this._onClickMakeForward(user.exten)">
                                            <i class="fa icon-dialer_sip"/>
                                        </button>
                                    </div>
                                </div>
                            </td>
                        </tr>
                    </t>
                    <!-- Partners -->
                    <t t-foreach="state.partners" t-as="partner" t-key="partner.id">
                        <tr>
                            <td class="o_contact_avatar" t-on-click="() => this._openPartner(partner.id)">
                                <img alt="Avatar" class="o_contact_avatar" t-attf-src="/web/image?model=res.partner&amp;field=avatar_128&amp;id={{ partner.id }}"/>
                            </td>
                            <td class="o_contact_info" t-on-click="() => this._openPartner(partner.id)">
                                <div>
                                    <span><t t-esc="partner.name"/></span>
                                    <div t-if="partner.phone_normalized">
                                        <span class="icon-phone o_contact_phone"><t t-esc="partner.displayPhoneNumber"/></span>
                                    </div>
                                    <div t-if="partner.mobile_normalized">
                                        <span class="fa fa-mobile o_contact_phone"><t t-esc="partner.displayMobileNumber"/></span>
                                    </div>
                                </div>
                            </td>
                            <td class="o_contact_call_button">
                                <div class="d-flex">
                                    <div style="width: 40px; height: 30px;">
                                        <t t-if="partner.phone_normalized">
                                            <button t-if="isTransfer" t-attf-title="Transfer to {{partner.displayPhoneNumber}}" t-on-click="() => this._onClickMakeTransfer(partner.phone_normalized)">
                                                <i class="fa icon-phone"/>
                                            </button>
                                            <button t-if="isContact" t-attf-title="Call to {{partner.displayPhoneNumber}}" t-on-click="() => this._onClickMakeCall(partner.phone_normalized)">
                                                <i class="fa icon-phone"/>
                                            </button>
                                            <button t-if="isForward" t-attf-title="Forward to {{partner.displayPhoneNumber}}" t-on-click="() => this._onClickMakeForward(partner.phone_normalized)">
                                                <i class="fa icon-phone"/>
                                            </button>
                                        </t>
                                    </div>
                                    <t t-if="partner.mobile_normalized">
                                        <button t-if="isTransfer" t-attf-title="Transfer to {{partner.displayMobileNumber}}" t-on-click="() => this._onClickMakeTransfer(partner.mobile_normalized)">
                                            <i class="fa fa-mobile"/>
                                        </button>
                                        <button t-if="isContact" t-attf-title="Call to {{partner.displayMobileNumber}}" t-on-click="() => this._onClickMakeCall(partner.mobile_normalized)">
                                            <i class="fa fa-mobile"/>
                                        </button>
                                        <button t-if="isForward" t-attf-title="Forward to {{partner.displayMobileNumber}}" t-on-click="() => this._onClickMakeForward(partner.mobile_normalized)">
                                            <i class="fa fa-mobile"/>
                                        </button>
                                    </t>
                                </div>
                            </td>
                        </tr>
                    </t>

                </table>
            </div>
        </div>
    </t>

</templates>