<?xml version="1.0" encoding="UTF-8"?>
<templates xml:space="preserve">

    <!-- Calls detail-->
    <t t-name="asterisk_plus_phone.call_detail" owl="1">
        <div t-if="state.call" class="o_phone_call_details flex-column">
            <t t-set="answered_user_id" t-value="state.call.answered_user ? state.call.answered_user[0] : False"/>
            <t t-set="calling_user_id" t-value="state.call.calling_user ? state.call.calling_user[0] : False"/>
            <t t-if="answered_user_id === user">
                <t t-set="caller_id" t-value="state.call.partner or state.call.calling_user"/>
            </t>
            <t t-else="">
                <t t-set="caller_id" t-value="state.call.partner or state.call.answered_user"/>
            </t>
            <t t-if="Array.isArray(caller_id)">
                <t t-set="caller_id" t-value="caller_id[1]"/>
                <t t-set="caller_list" t-value="caller_id.split(',')"/>
                <t t-set="caller_id" t-value="caller_list[caller_list.length -1]"/>
            </t>
            <t t-if="state.call.partner">
                <t t-set="avatar" t-value="'/web/image?model=res.partner&amp;field=avatar_128&amp;id=' + state.call.partner[0]"/>
            </t>
            <t t-else="">
                <t t-set="avatar" t-value="'/asterisk_plus_phone/static/src/images/default_contact.jpg'"/>
                <t t-if="answered_user_id === user and state.call.calling_user">
                    <t t-set="avatar" t-value="'/web/image?model=res.users&amp;field=avatar_128&amp;id=' + calling_user_id"/>
                </t>
                <t t-if="calling_user_id === user and state.call.answered_user">
                    <t t-set="avatar" t-value="'/web/image?model=res.users&amp;field=avatar_128&amp;id=' + answered_user_id"/>
                </t>
            </t>
            <div class="o_phone_call_details flex-column">
                <img alt="Avatar" class="o_partner_avatar" t-att-src="avatar"/>
                <span t-if="caller_id" class="o_partner_name"><t t-esc="caller_id"/></span>
                <span class="o_partner_name"><t t-esc="state.call.display_caller_number"/></span>
                <span t-if="state.call.duration_human" class="o_partner_name"><t t-esc="state.call.duration_human"/></span>
                <div class="text-center action-container" title="Customer" t-if="!(state.call.answered_user and state.call.calling_user)">
                    <button class="btn  p-3 border rounded-circle" t-on-click="_createPartner">
                        <i aria-label="Customer" class="fa fa-fw fa-lg fa-user"/>
                    </button>
                </div>
                <div class="text-center action-container" title="Open in History">
                    <button class="btn  p-3 border rounded-circle" t-on-click="_OpenInCallHistory">
                        <i aria-label="Open in History" class="fa fa-fw fa-lg fa-address-card"/>
                    </button>
                </div>
            </div>
        </div>
    </t>

    <!-- Calls -->
    <t t-name="asterisk_plus_phone.calls" owl="1">
        <div t-attf-class="{{ state.call ? 'o_hide' : '' }} o_history_list">
            <t t-if="state.calls">
                <table class="o_history_table">
                    <t t-foreach="state.calls" t-as="call" t-key="call.id">
                        <t t-set="answered_user_id" t-value="call.answered_user ? call.answered_user[0] : False"/>
                        <t t-set="calling_user_id" t-value="call.calling_user ? call.calling_user[0] : False"/>
                        <t t-if="answered_user_id === user">
                            <t t-set="caller_id" t-value="call.partner or call.calling_user or call.calling_number"/>
                            <t t-set="caller_number" t-value="call.calling_number"/>
                        </t>
                        <t t-else="">
                            <t t-set="caller_id" t-value="call.partner or call.answered_user or call.display_caller_number"/>
                            <t t-set="caller_number" t-value="call.called_number"/>
                        </t>
                        <t t-if="Array.isArray(caller_id)">
                            <t t-set="caller_id" t-value="caller_id[1]"/>
                            <t t-set="caller_list" t-value="caller_id.split(',')"/>
                            <t t-set="caller_id" t-value="caller_list[caller_list.length -1].trim()"/>
                        </t>
                        <t t-if="call.partner">
                            <t t-set="avatar" t-value="'/web/image?model=res.partner&amp;field=avatar_128&amp;id=' + call.partner[0]"/>
                        </t>
                        <t t-else="">
                            <t t-set="avatar" t-value="'/asterisk_plus_phone/static/src/images/default_contact.jpg'"/>
                            <t t-if="answered_user_id === user and call.calling_user">
                                <t t-set="avatar" t-value="'/web/image?model=res.users&amp;field=avatar_128&amp;id=' + calling_user_id"/>
                            </t>
                            <t t-if="calling_user_id === user and call.answered_user">
                                <t t-set="avatar" t-value="'/web/image?model=res.users&amp;field=avatar_128&amp;id=' + answered_user_id"/>
                            </t>
                        </t>

                        <tr class="d-flex">
                            <td class="o_partner_icon">
                                <div class="partner-icon" t-on-click="() => this._open_detail(call)" title="Click to view detail">
                                    <img class="rounded-circle o_user_avatar" alt="User" t-att-src="avatar"/>
                                </div>
                            </td>
                            <td class="o_history_info w-100 d-flex flex-row">
                                <div class="d-flex flex-column info-card" t-on-click="() => this._onClickContactCall(caller_number)" t-attf-title="Call to {{caller_id}} tel:{{call.display_caller_number}}">
                                    <div>
                                        <div class="card-identifier">
                                            <t t-esc="caller_id"/>
                                        </div>
                                    </div>
                                    <div class="card-date mt-1">
                                        <t t-if="answered_user_id === user">
                                            <span class="icon-call_received me-2"/>
                                        </t>
                                        <t t-else="">
                                            <span class="icon-call_made me-2"/>
                                        </t>
                                        <t t-esc="call.started"/>
                                    </div>
                                </div>
                                <div class="o_favorite">
                                    <button aria-label="Favorite" t-attf-title="{{call.favorite ? `Remove ${caller_id} from ` : `Add ${caller_id} to`}} Favorite" t-on-click="() => this._onClickFavorite(call)">
                                        <i t-attf-class="fa {{call.favorite ? 'fa-star' : 'fa-star-o'}}"/>
                                    </button>
                                </div>
                            </td>
                        </tr>
                    </t>
                </table>
            </t>
        </div>
        <div t-if="state.call" class="o_history_list">
            <div class="o_call_detail_header">
                <i class="fa fa-arrow-circle-left" t-on-click="_close_call_detail"/>
            </div>
            <CallDetail call="state.call"/>
        </div>
    </t>

</templates>