<odoo>

    <!-- Recently -->
    <record id="asterisk_plus_phone_recently_call_supervisor" model="ir.model.access">
        <field name="name">asterisk_plus_phone_recently_call_supervisor</field>
        <field name="model_id" ref="asterisk_plus_phone.model_asterisk_plus_phone_recently_call"/>
        <field name="group_id" ref="asterisk_plus.group_asterisk_supervisor"/>
        <field name="perm_read" eval="1"/>
        <field name="perm_write" eval="0"/>
        <field name="perm_create" eval="0"/>
        <field name="perm_unlink" eval="0"/>
    </record>

    <!-- Favorite -->
    <record id="asterisk_plus_phone_favorite_supervisor" model="ir.model.access">
        <field name="name">asterisk_plus_phone_favorite_supervisor</field>
        <field name="model_id" ref="asterisk_plus_phone.model_asterisk_plus_phone_favorite"/>
        <field name="group_id" ref="asterisk_plus.group_asterisk_supervisor"/>
        <field name="perm_read" eval="1"/>
        <field name="perm_write" eval="0"/>
        <field name="perm_create" eval="0"/>
        <field name="perm_unlink" eval="0"/>
    </record>

</odoo>