<?xml version="1.0" encoding="utf-8"?>
<odoo>

    <!-- Recently -->
    <record id="asterisk_plus_phone_recently_call_supervisor_rule" model="ir.rule">
        <field name="name">asterisk_plus_phone_recently_call_supervisor_rule</field>
        <field name="model_id" ref="asterisk_plus_phone.model_asterisk_plus_phone_recently_call"/>
        <field name="groups" eval="[(4, ref('asterisk_plus.group_asterisk_supervisor'))]"/>
        <field name="domain_force">[(1, '=', 1)]</field>
    </record>

    <!-- Favorite -->
    <record id="asterisk_plus_favorite_supervisor_rule" model="ir.rule">
        <field name="name">asterisk_plus_phone_favorite_supervisor_rule</field>
        <field name="model_id" ref="asterisk_plus_phone.model_asterisk_plus_phone_favorite"/>
        <field name="groups" eval="[(4, ref('asterisk_plus.group_asterisk_supervisor'))]"/>
        <field name="domain_force">[(1,'=',1)]</field>
    </record>

</odoo>