<?xml version="1.0" encoding="UTF-8"?>
<templates xml:space="preserve">

    <t t-name="asterisk_plus.OriginateCall" owl="1">
        <t t-call="web.CharField"/>
        <button t-if="state.value"
                type="button"
                class="originate-call-lg-btn originate_call_button btn btn-lg btn-primary fa fa-phone"
                aria-label="Call"
                title="Call"
                t-on-click="_onClickOriginateCall"
        />
    </t>


    <t t-name="asterisk_plus.OriginateExtension" owl="1">
        <t t-call="web.CharField"/>
        <button t-if="state.value"
                type="button"
                class="originate-call-lg-btn originate_extension_button btn btn-lg btn-primary fa fa-phone"
                aria-label="Call"
                title="Call"
                t-on-click="_onClickOriginateExtension"
        />
    </t>

</templates>
