<?xml version="1.0" encoding="UTF-8"?>
<templates xml:space="preserve">

    <t t-name="asterisk_plus_phone.phone" owl="1">
        <div t-attf-class="{{state.isDisplay ? '' : 'o_hide'}} o_root_phone" t-ref="phone-root">
        <div t-attf-class="o_root_phone" t-ref="phone-root">
            <!--Header-->
            <div class="o_header_phone" t-ref="phone-header">
                <div class="o_header_content">
                    <i class="fa fa-phone" role="img"/>
                    <div class="o_header_title">
                        <b t-esc="title"/>
                    </div>
                    <div aria-label="Hide" class="fa fa-window-minimize o_header_close" title="Hide" t-on-click="_onClickClose"/>
                </div>
            </div>
            <div t-attf-class="o_dial_panel o_phone_tabs flex-container">
                <button aria-label="Keypad" t-attf-class="flex-item{{state.activeTab === tabs.phone ? ' active' : ''}}" title="Keypad" t-on-click="_onClickPhone">
                    <i class="fa fa-mobile"/>
                </button>
                <button aria-label="Contacts" t-attf-class="flex-item{{state.activeTab === tabs.contacts ? ' active' : ''}}" title="Contacts" t-on-click="_onClickContacts">-->
                    <i class="fa fa-address-book"/>
                </button>
                <button aria-label="Favorites" t-attf-class="flex-item{{state.activeTab === tabs.favorites ? ' active' : ''}}" title="Favorites" t-on-click="_onClickFavorites">
                    <i class="fa fa-star"/>
                </button>
                <button aria-label="History" t-attf-class="flex-item{{state.activeTab === tabs.calls ? ' active' : ''}}" title="History" t-on-click="_onClickHistory">
                    <i class="fa fa-history"/>
                </button>
            </div>
            <!--Keypad-->
            <div t-attf-class="{{state.isKeypad ? '' : 'o_hide'}} o_body_phone">
                <div class="o_phone_number_content">
                    <input id="phoneInput" class="o_phone_number_input" type="tel" t-ref="phone-input" t-on-keyup="_onEnterPhoneNumber" placeholder="Enter name or number" autocomplete="off"/>
                    <div aria-label="Backspace" class="fa fa-long-arrow-left o_phone_number_back" role="img" title="Backspace" t-on-click="_onClickBackSpace"/>
                </div>
                <div class="o_keypad" t-if="!state.isContactList">
                    <button class="o_keypad_button" t-on-click="_onClickKeypadButton">1</button>
                    <button class="o_keypad_button" t-on-click="_onClickKeypadButton">2</button>
                    <button class="o_keypad_button" t-on-click="_onClickKeypadButton">3</button>
                    <button class="o_keypad_button" t-on-click="_onClickKeypadButton">4</button>
                    <button class="o_keypad_button" t-on-click="_onClickKeypadButton">5</button>
                    <button class="o_keypad_button" t-on-click="_onClickKeypadButton">6</button>
                    <button class="o_keypad_button" t-on-click="_onClickKeypadButton">7</button>
                    <button class="o_keypad_button" t-on-click="_onClickKeypadButton">8</button>
                    <button class="o_keypad_button" t-on-click="_onClickKeypadButton">9</button>
                    <button class="o_keypad_button" t-on-click="_onClickKeypadButton">*</button>
                    <button class="o_keypad_button" t-on-click="_onClickKeypadButton">0</button>
                    <button class="o_keypad_button" t-on-click="_onClickKeypadButton">#</button>
                </div>
            </div>
            <!--Dial panel-->
            <div t-attf-class="{{ state.isDialingPanel ? '' : 'o_hide' }} o_body_phone">
                <div class="o_phone_call_details flex-column">
                    <t t-if="state.isPartner">
                        <div class="o_partner_link" t-on-click="() => this._openPartner(state.callerId.partnerId)">
                            <img alt="Avatar" class="o_partner_avatar" t-if="state.callerId.partnerId" t-att-src="state.callerId.partnerIconUrl"/>
                            <span class="o_partner_name"><t t-esc="state.callerId.partnerName"/></span>
                            <span class="o_partner_name"><t t-esc="state.callerId.displayNumber"/></span>
                            <span class="o_partner_name"><t t-out="state.callDurationTime"/></span>
                        </div>
                        <div t-if="state.isCallForwarded" class="text-center mt-1" title="Cancel Forward">
                            <button class="btn p-3 border rounded-circle" t-on-click="_cancelForward">
                                <i aria-label="Customer" class="fa fa-fw fa-lg icon-enlarge2"/>
                            </button>
                        </div>
                    </t>
                    <t t-else="">
                        <img t-if="state.callerId.partnerId" alt="Avatar" class="o_partner_avatar" t-att-src="state.callerId.partnerIconUrl"/>
                        <span t-if="state.callerId.partnerId" class="o_partner_name"><t t-esc="state.callerId.partnerName"/></span>
                        <span class="o_partner_name"><t t-esc="state.callerId.displayNumber"/></span>
                        <span class="o_partner_name"><t t-out="state.callDurationTime"/></span>
                        <div class="text-center" title="Customer">
                            <button class="btn p-3 border rounded-circle" t-on-click="_createPartner">
                                <i aria-label="Customer" class="fa fa-fw fa-lg fa-user"/>
                            </button>
                        </div>
                        <div t-if="state.isCallForwarded" class="text-center mt-1" title="Cancel Forward">
                            <button class="btn p-3 border rounded-circle" t-on-click="_cancelForward">
                                <i aria-label="Customer" class="fa fa-fw fa-lg icon-enlarge2"/>
                            </button>
                        </div>
                    </t>
                    <div t-if="state.xTransferPartner" class="o_partner_link" t-on-click="() => this._openPartner(state.xTransferPartner.partnerId)">
                        <span class="o_partner_name"><i class="fa fa-arrow-down"/></span>
                        <img alt="Avatar" class="o_partner_avatar" t-if="state.xTransferPartner.partnerId" t-att-src="state.xTransferPartner.partnerIconUrl"/>
                        <span class="o_partner_name"><t t-esc="state.xTransferPartner.partnerName"/></span>
                        <span class="o_partner_name"><t t-esc="state.xTransferPartner.displayNumber"/></span>
                    </div>
                    <div t-if="state.xTransferInfo" class="o_partner_link">
                        <span class="o_partner_name"><i class="fa fa-arrow-down"/></span>
                        <span class="o_partner_name"><t t-esc="state.xTransferInfo"/></span>
                    </div>
                </div>
            </div>
            <!--Contacts-->
            <div t-attf-class="{{ state.isContacts || state.isContactList ? '' : 'o_hide' }} o_body_phone">
                <Contacts bus="bus" contactSearch="contactSearch"/>
            </div>
            <!--Favorites-->
            <div t-attf-class="{{ state.isFavorites ? '' : 'o_hide' }} o_body_phone">
                <Favorites t-if="state.isFavorites" bus="bus"/>
            </div>
            <!--Calls-->
            <div t-attf-class="{{ state.isCalls ? '' : 'o_hide' }} o_body_phone">
                <Calls bus="bus"/>
            </div>

            <div class="mt-auto">
                <!--Optional call buttons-->
                <div t-attf-class="{{ state.isKeypad or state.inCall or state.inIncoming ? '' : 'o_hide' }} o_dial_panel o_optional_dial_panel_position flex-container">
                    <button t-if="state.phone_status === status.accepted" aria-label="Call" t-attf-class="flex-item {{ state.isDialingPanel ? 'active' : '' }}" title="Call" t-on-click="_onClickDialingPanel">
                        <i class="icon-phone_in_talk fa"/>
                    </button>
                    <button t-if="state.phone_status === status.accepted" aria-label="DTMF" t-attf-class="flex-item {{ state.isKeypad ? 'active' : '' }}" title="DTMF" t-on-click="_onClickKeypad">
                        <i class="icon-dialpad fa"/>
                    </button>
                    <button t-if="state.phone_status === status.accepted" aria-label="Transfer" t-attf-class="flex-item{{ state.isTransfer ? ' active' : '' }} {{ state.phone_status === status.accepted ? '' : 'o_hide' }} " title="Transfer" t-on-click="_onClickTransfer">
                       <i class="fa fa-exchange"/>
                    </button>
                    <button t-if="state.phone_status === status.accepted" aria-label="Forward" t-attf-class="flex-item {{ state.isForward ? 'active' : '' }}" title="Forward" t-on-click="_onClickForward">
                        <i class="fa icon-redo2"/>
                    </button>
                    <button t-if="state.phone_status !== status.accepted" aria-label="Mute Sound" class="flex-item" t-attf-title="{{ state.isSoundMute ? 'Unmute Sound' : 'Mute Sound' }}" t-on-click="_onClickSoundMute">
                        <i t-attf-class="fa {{ state.isSoundMute ? 'icon-volume_off' : 'icon-volume_up' }}"/>
                    </button>
                    <button t-if="state.phone_status === status.accepted" aria-label="Mute Microphone" t-attf-class="flex-item" t-attf-title="{{ state.isMicrophoneMute ? 'Unmute Microphone' : 'Mute Microphone' }}" t-on-click="_onClickMicrophoneMute">
                        <i t-attf-class="fa {{ state.isMicrophoneMute ? 'icon-mic_off' : 'icon-mic' }}"/>
                    </button>
                </div>

                <!--Call buttons-->
                <div t-attf-class="{{ state.isKeypad or state.inCall or state.inIncoming ? '' : 'o_hide' }} o_dial_panel o_dial_panel_position flex-container">
                    <button data-hotkey="d" aria-label="Call" t-attf-class="{{ state.inCall ? 'o_hide' : '' }} flex-item" title="Call" t-on-click="_onClickMakeCall">
                        <i class="icon-call call"/>
                    </button>
                    <button data-hotkey="r" aria-label="End Call" t-attf-class="{{ state.inCall and !state.inIncoming ? '' : 'o_hide' }} flex-item" title="End Call" t-on-click="_onClickEndCall">
                        <i class="icon-call_end reject-call"/>
                    </button>
                    <button data-hotkey="d" aria-label="Answer" t-attf-class="{{ state.inIncoming ? '' : 'o_hide' }} flex-item" title="Accept" t-on-click="_onClickAcceptIncoming">
                        <i class="icon-call call"/>
                    </button>
                    <button data-hotkey="r" aria-label="Reject call" t-attf-class="{{ state.inIncoming ? '' : 'o_hide' }} flex-item" title="Reject">
                        <i class="icon-call_end reject-call" t-on-click="_onClickRejectIncoming"/>
                    </button>
                </div>
            </div>
      </div>
      </div>
    </t>

</templates>