<?xml version="1.0" encoding="UTF-8"?>
<templates xml:space="preserve">

    <!-- Favorites -->
    <t t-name="asterisk_plus_phone.favorites" owl="1">
        <div class="o_favorites_list">
            <t t-if="state.favorites">
                <table class="o_favorites_table">
                    <t t-foreach="state.favorites" t-as="favorite" t-key="favorite.id">
                        <t t-if="favorite.partner">
                            <t t-set="avatar" t-value="'/web/image?model=res.partner&amp;field=avatar_128&amp;id=' + favorite.partner[0]"/>
                            <!--                            <t t-set="caller_id" t-value="favorite.partner[1]"/>-->
                            <t t-set="caller_list" t-value="favorite.partner[1].split(',')"/>
                            <t t-set="caller_id" t-value="caller_list[caller_list.length -1]"/>
                        </t>
                        <t t-elif="favorite.user">
                            <t t-set="avatar" t-value="'/web/image?model=res.users&amp;field=avatar_128&amp;id=' + favorite.user[0]"/>
                            <t t-set="caller_id" t-value="favorite.user[1]"/>
                        </t>
                        <t t-else="">
                            <t t-set="avatar" t-value="'/asterisk_plus_phone/static/src/images/default_contact.jpg'"/>
                            <t t-set="caller_id" t-value="favorite.display_phone_number"/>
                        </t>
                        <tr class="d-flex" t-on-click="() => this._onClickContactCall(favorite.phone_number)" t-attf-title="Call to {{favorite.display_phone_number}}">
                            <td class="o_partner_icon">
                                <div class="partner-icon">
                                    <img class="rounded-circle o_user_avatar" alt="User" t-att-src="avatar"/>
                                </div>
                            </td>
                            <td class="o_history_info w-100 d-flex flex-row">
                                <div class="d-flex flex-column justify-content-center info-card">
                                    <div>
                                        <div class="card-identifier">
                                            <t t-esc="caller_id"/>
                                        </div>
                                        <div t-if="!favorite.name">
                                            <span class="icon-phone o_contact_phone"><t t-esc="favorite.display_phone_number"/></span>
                                        </div>
                                    </div>
                                </div>
                                <div class="o_favorite">
                                    <button aria-label="Remove from Favorite" title="Remove from Favorite" t-on-click="(ev) => this._onClickRemoveFavorite(ev, favorite.id)">
                                        <i class="fa fa-trash-o"/>
                                    </button>
                                </div>
                            </td>
                        </tr>
                    </t>
                </table>
            </t>
        </div>
    </t>

</templates>